署授食字第0991104336號函,54d26351-6cd4-4d7d-9f08-2721d38a10d1
FDA風字第0991104088號函,54d26351-36a4-484c-8820-2721d38a10d1
署授食字第0991103875號函,54d26351-2c40-41ff-9cfe-2721d38a10d1
FDA藥字第0991414862號函,54d26351-b068-49d7-9b0c-2721d38a10d1
FDA藥字第0991414740號書函,54d26352-3738-4efa-8c72-2721d38a10d1
FDA藥字第0991414307號函,54d26352-5a58-4d51-b641-2721d38a10d1
FDA藥字第0991414234號函,54d26352-89b0-4357-af8c-2721d38a10d1
FDA風字第0991103677號函,54d26352-58b0-43d7-a0cb-2721d38a10d1
FDA藥字第0990063168號函,54d26352-d218-43f4-b788-2721d38a10d1
署授食字第0991103474號函,54d26352-d928-4bc8-b392-2721d38a10d1
FDA藥字第0991411656號書函,54d26352-0150-47e4-b1f0-2721d38a10d1
FDA藥字第0991557531號書函,54d26352-532c-425f-8e14-2721d38a10d1
署授食字第0991102982號函,54d26352-4ce4-480e-9c24-2721d38a10d1
FDA藥字第0991556646號書函,54d26352-5d84-45ac-98a3-2721d38a10d1
FDA藥字第0991409498號函,54d26352-a818-4e0d-8250-2721d38a10d1
FDA藥字第0991408785號書函,54d26352-2c7c-4a30-b5df-2721d38a10d1
署授食字第0991101873號函,54d26352-8460-4bb2-a38b-2721d38a10d1
FDA藥字第0991555127號書函,54d26352-7c88-4370-8de9-2721d38a10d1
FDA藥字第0991554088號書函,54d26352-ef18-4238-be05-2721d38a10d1
FDA藥字第0991403945號書函,54d26352-d3d4-481e-9441-2721d38a10d1
FDA藥字第0991403839號書函,54d26352-aaec-44d4-b426-2721d38a10d1
衛署藥字第0980363918號函,54d26352-e91c-4f7d-aa0f-2721d38a10d1
衛署藥字第0980363913號函,54d26352-8bb8-44f7-96d9-2721d38a10d1
衛署藥字第0980362511號函,54d26352-f800-485c-85d8-2721d38a10d1
衛署藥字第0980362191號函,54d26352-c918-4948-983c-2721d38a10d1
衛署藥字第0980362146號書函,54d26352-9f20-454e-a6b7-2721d38a10d1
衛署藥字第0980362190號書函,54d26352-9f3c-482c-b739-2721d38a10d1
衛署藥字第0980363911號函,54d26352-2570-4131-8040-2721d38a10d1
衛署藥字第0980362131號函,54d26352-31f4-4e2a-bd8c-2721d38a10d1
衛署藥字第0980316153號函,54d26352-58a4-4675-b381-2721d38a10d1
衛署藥字第0980316154號函,54d26352-3be8-4a2f-9ebb-2721d38a10d1
衛署藥字第0980316249號函,54d26352-6874-4353-8ac0-2721d38a10d1
衛署藥字第0980316237號函,54d26352-8010-4119-a9ef-2721d38a10d1
衛署藥字第0980316238號函,54d26352-0480-46ed-851e-2721d38a10d1
衛署藥字第0970319898號書函,54d26352-bd30-46ab-ae4c-2721d38a10d1
衛署藥字第0970343347號書函,54d26352-5998-4624-8837-2721d38a10d1
衛署藥字第0970319817號書函,54d26352-5b54-4397-82e5-2721d38a10d1
FDA藥字第1001401641號書函,54d26352-70d4-4ae9-9a73-2721d38a10d1
FDA藥字第0991560140號函,54d26352-4dd8-4bcb-8353-2721d38a10d1
FDA藥字第1000021402號書函,54d26352-e88c-48aa-ba34-2721d38a10d1
署授食字第1001100632號函,54d26352-f088-47e3-8082-2721d38a10d1
署授食字第1001100714號函,54d26352-d52c-4c4b-8d26-2721d38a10d1
署授食字第1001100758號函,54d26352-ddd4-45c9-97fb-2721d38a10d1
,54d26352-cbbc-4b19-9ba1-2721d38a10d1
FDA藥字第1001403475號函,54d26352-6260-48ba-a147-2721d38a10d1
FDA藥字第1001403474號函,54d26352-e7cc-478b-ad2b-2721d38a10d1
FDA藥字第1001403531號書函,54d26352-49ac-4124-a582-2721d38a10d1
FDA藥字第1001403479號書函,54d26352-69c8-449e-ae1f-2721d38a10d1
FDA藥字第1001403517號函,54d26352-3694-4659-832c-2721d38a10d1
FDA藥字第1001404482號書函,54d26353-10e8-4f6a-96b1-2721d38a10d1
FDA藥字第1000045201號書函,54d26353-bd24-4ed7-81d4-2721d38a10d1
署授食字第1001102177號函,54d26353-0704-47bd-908d-2721d38a10d1
署授食字第1001101352號函,54d26353-a348-4f23-ba65-2721d38a10d1
署授食字第1001101469號函,54d26353-63cc-4cc3-8197-2721d38a10d1
FDA藥字第1001406617號書函,54d26353-2290-4d09-a930-2721d38a10d1
FDA藥字第1001406981號書函,54d26353-33fc-4066-923c-2721d38a10d1
FDA藥字第1001406723號書函,54d26353-0198-4716-ad8f-2721d38a10d1
FDA藥字第1001406979號書函,54d26353-7e0c-4944-858f-2721d38a10d1
FDA藥字第1000065437號書函,54d26353-4180-4304-8518-2721d38a10d1
FDA藥字第1001407142號書函,54d26353-ba0c-4b67-a621-2721d38a10d1
FDA藥字第1000068187號書函,54d26353-8230-42d7-90f4-2721d38a10d1
FDA藥字第1001407526號書函,54d26353-1724-45e8-94be-2721d38a10d1
FDA藥字第1001407486號函,54d26353-e704-4d36-b3dc-2721d38a10d1
FDA藥字第1001407487號函,54d26353-dd44-487f-b5cc-2721d38a10d1
FDA藥字第1001407489號函,54d26353-dd70-408b-98a0-2721d38a10d1
FDA藥字第1000068133號書函,54d26353-1798-42d8-a167-2721d38a10d1
FDA藥字第1000069639號書函,54d26353-b2c8-490c-b3d8-2721d38a10d1
FDA藥字第1000072301號書函,54d26353-f5d4-431d-906d-2721d38a10d1
FDA藥字第1005051771號書函,54d26353-ddd4-4796-9bcd-2721d38a10d1
FDA藥字第1001408162號書函,54d26353-ce58-4c5d-9c70-2721d38a10d1
FDA藥字第1000076106號書函,54d26353-9a08-4766-8647-2721d38a10d1
FDA藥字第1000076107號書函,54d26353-17b0-406f-8f62-2721d38a10d1
FDA藥字第1000046263號書函,54d26353-7e80-4cec-9271-2721d38a10d1
FDA藥字第1000051549號書函,54d26353-abe0-4401-b495-2721d38a10d1
署授食字第1001101425號函,54d26353-571c-4516-9b2d-2721d38a10d1
FDA藥字第1000072304號函,54d26353-3fe0-42d7-ac27-2721d38a10d1
FDA藥字第1000077924號書函,54d26353-47f8-4c59-bdf0-2721d38a10d1
FDA藥字第1000077862號書函,54d26353-c4a8-4b77-9ba9-2721d38a10d1
FDA藥字第1001408531號函,54d26353-038c-4812-9fe9-2721d38a10d1
FDA藥字第1005057506號書函,54d26353-1bd8-4def-939a-2721d38a10d1
FDA藥字第1010000022號書函,54d26353-6558-463f-9e9c-2721d38a10d1
FDA藥字第1000086738號書函,54d26353-3210-4c10-af99-2721d38a10d1
FDA風字第1011100285號函,54d26353-2068-462d-a99a-2721d38a10d1
FDA藥字第1005048921號函,54d26353-1540-44b0-9317-2721d38a10d1
FDA藥字第1005049697號函,54d26353-cbac-46ec-b175-2721d38a10d1
FDA藥字第1005050159號函,54d26353-94ac-4e02-8860-2721d38a10d1
FDA藥字第1000009428號函,54d26353-dc40-4e94-bc2c-2721d38a10d1
FDA藥字第1001401621號,54d26353-39c8-4c08-9f92-2721d38a10d1
FDA藥字第1005018011號函,54d26353-1648-4f00-9737-2721d38a10d1
FDA藥字第1000030283號函,54d26353-6efc-4806-95a7-2721d38a10d1
FDA藥字第1000035249號函,54d26353-d9f4-421c-92fd-2721d38a10d1
FDA藥字第1005031423號函,54d26353-bc70-41c4-9682-2721d38a10d1
FDA藥字第1001406522號函,54d26353-0508-491a-a96d-2721d38a10d1
FDA藥字第1000021685號函,54d26353-d208-41e4-b0e2-2721d38a10d1
FDA藥字第1005027535號函,54d26354-ae6c-4cf4-b151-2721d38a10d1
FDA藥字第1000059312號函,54d26354-d5e8-4531-9e93-2721d38a10d1
FDA藥字第1011400096號函,54d26354-c934-4c38-8a1d-2721d38a10d1
FDA藥字第1011400007號,54d26354-2da0-4e58-956a-2721d38a10d1
FDA藥字第1011400004號函,54d26354-2898-4278-bff9-2721d38a10d1
FDA藥字第1011400006號函,54d26354-4690-461c-833e-2721d38a10d1
FDA藥字第1011400071號函,54d26354-a610-4c30-82fe-2721d38a10d1
FDA藥字第1011400137號函,54d26354-85ac-47b5-b9c3-2721d38a10d1
FDA藥字第1011400228號函,54d26354-0bd8-46c7-b27e-2721d38a10d1
FDA藥字第1010006209號函,54d26354-3674-441d-a00e-2721d38a10d1
FDA藥字第1010012649號函,54d26354-c048-40f5-b1f3-2721d38a10d1
FDA藥字第1015010732號函,54d26354-b7dc-4772-b312-2721d38a10d1
FDA藥字第1010013691號函,54d26354-1a7c-4a37-ac62-2721d38a10d1
FDA風字第1011100714號函,54d26354-ec90-4d90-aebf-2721d38a10d1
FDA藥字第1010013911號函,54d26354-7a8c-4b44-bfe6-2721d38a10d1
FDA藥字第1010016359號書函,54d26354-3c78-402d-bc3d-2721d38a10d1
FDA藥字第1015018793號書函,54d26354-9040-475a-b25f-2721d38a10d1
FDA藥字第1010026603號書函,54d26354-8684-418d-ae73-2721d38a10d1
署授食字第1011100586號函,54d26354-a88c-4f71-afe9-2721d38a10d1
FDA藥字第1010033835號書函,54d26354-e390-4be1-8103-2721d38a10d1
FDA藥字第1011400407號書函,54d26354-ee04-4399-827b-2721d38a10d1
FDA藥字第0991553077,54d26354-76fc-4b84-a1ca-2721d38a10d1
FDA藥字第0991404350號書函,54d26354-bb60-49b9-9e08-2721d38a10d1
FDA藥字第0991406957號書函,54d26354-5680-49bf-a2fd-2721d38a10d1
"FDA藥字第 0991407781號書函",54d26354-a9bc-4d4d-ae71-2721d38a10d1
FDA藥字第0991407770號書函,54d26354-0c38-4cf0-a27a-2721d38a10d1
FDA藥字第0991409591號書函,54d26354-3504-4c1a-8871-2721d38a10d1
FDA藥字第0991412600號書函,54d26354-59f0-48a2-8b63-2721d38a10d1
FDA藥字第0991559950號書函,54d26354-30ac-46da-827f-2721d38a10d1
FDA藥字第1000000042號書函,54d26354-0e20-495c-944f-2721d38a10d1
FDA藥字第1005034475號,54d26354-1a7c-4687-b514-2721d38a10d1
FDA藥字第1001405534號書函,54d26354-df78-424c-a0f5-2721d38a10d1
FDA藥字第0991559268號書函,54d26354-19e4-4fb0-a8f3-2721d38a10d1
FDA藥字第0991553229號,54d26354-a194-4a18-be96-2721d38a10d1
FDA藥字第0991403093號書函,54d26354-fbe4-46c3-8ad6-2721d38a10d1
FDA藥字第1010037733號函,54d26354-b69c-40d0-a39f-2721d38a10d1
FDA藥字第1011404974號函,54d26354-0ef8-4278-9fed-2721d38a10d1
署授食字第1011403966號公告,54d26354-0b74-4c90-9953-2721d38a10d1
FDA藥字第1011405234號函,54d26354-41d4-466c-8258-2721d38a10d1
FDA藥字第1011405361號書函,54d26354-0650-48b8-9046-2721d38a10d1
FDA藥字第號1011405412函,54d26354-5e6c-497a-aa3b-2721d38a10d1
FDA風字第1011101244號函,54d26354-69c0-43e9-821e-2721d38a10d1
FDA藥字第1010042402號函,54d26354-fa1c-4928-a745-2721d38a10d1
FDA藥字第1011405829號書函,54d26354-6c50-4a4e-8fb5-2721d38a10d1
FDA藥字第1011406092號書函,54d26354-ee5c-44c7-a066-2721d38a10d1
FDA藥字第1011406786號書函,54d26354-5794-4818-b817-2721d38a10d1
FDA藥字第1011406800號書函,54d26354-580c-4c3c-95d4-2721d38a10d1
FDA藥字第1015038010號書函,54d26354-9628-4062-92ef-2721d38a10d1
FDA藥字第1010052669號書函,54d26354-fcb8-4a34-9bc7-2721d38a10d1
FDA藥字第1011407196號書函,54d26354-d75c-4419-a365-2721d38a10d1
FDA藥字第1010055549號書函,54d26354-25f4-4252-a75b-2721d38a10d1
FDA藥字第1015041437號函,54d26354-cfa0-46a5-b175-2721d38a10d1
FDA藥字第1010057903號函,54d26354-37a8-4aed-a531-2721d38a10d1
FDA藥字第1011407607號函,54d26354-e13c-4990-816e-2721d38a10d1
FDA藥字第1011407616號函,54d26354-a580-4fec-8969-2721d38a10d1
FDA藥字第1011408027號函,54d26355-aa20-4682-8f9f-2721d38a10d1
FDA藥字第1015044857號函,54d26355-f484-43fe-87be-2721d38a10d1
FDA藥字第1011408141號函,54d26355-8c84-41b3-b599-2721d38a10d1
FDA風字第1011102162號函,54d26355-0090-42ba-b32d-2721d38a10d1
FDA藥字第1011408793號函,54d26355-6564-485f-b7f0-2721d38a10d1
FDA藥字第1011409124號函,54d26355-f39c-4986-b535-2721d38a10d1
FDA藥字第1010069302號函,54d26355-a49c-4101-9065-2721d38a10d1
FDA藥字第1010069275號函,54d26355-4080-4841-a171-2721d38a10d1
FDA藥字第1011409086號函,54d26355-b7f8-4630-847c-2721d38a10d1
FDA藥字第1010067960號,54d26355-cb24-44c2-9117-2721d38a10d1
FDA風字第1010057109號函,54d26355-67f8-49bc-a8c9-2721d38a10d1
FDA風字第1011102263號函,54d26355-5f28-49da-a794-2721d38a10d1
FDA風字第1011102317號函,54d26355-85a0-46d9-92dd-2721d38a10d1
部授食字第1021151161號,54d26355-46e0-4fcb-acab-2721d38a10d1
部授食字第1021151155號,54d26355-b148-4189-be84-2721d38a10d1
FDA風字第1021151171號,54d26355-9038-4035-87e8-2721d38a10d1
FDA藥字第1024017304號書函,54d26355-9ca8-4b59-9849-2721d38a10d1
FDA風字第1021151328號,54d26355-e0e0-4693-b238-2721d38a10d1
FDA風字第1021151397號,54d26355-077c-40ca-86fb-2721d38a10d1
部授食字第1021452827A號,54d26355-5c80-49f6-be9c-2721d38a10d1
部授食字第1021151495號,54d26355-b134-4b7b-b410-2721d38a10d1
FDA藥字第1024021616號書函,54d26355-0f98-43b7-ae37-2721d38a10d1
FDA藥字第1021454774號,54d26355-fd2c-4e0d-8646-2721d38a10d1
FDA藥字第1021454961號書函,54d26355-14dc-489e-af36-2721d38a10d1
部授食字第1021455877號函,54d26355-1d00-4e29-a420-2721d38a10d1
部授食字第1021455873號函,54d26355-f47c-4cb8-af41-2721d38a10d1
FDA藥字第1021455730號書函,54d26355-eaa8-4f93-a25f-2721d38a10d1
FDA風字第1011102269號函,54d26355-b7d8-460d-ba21-2721d38a10d1
FDA風字第1011102350號函,54d26355-6800-402e-b109-2721d38a10d1
FDA風字第1011102352號函,54d26355-c8c8-4659-b138-2721d38a10d1
FDA風字第1011102354號函,54d26355-bce0-467a-915d-2721d38a10d1
FDA風字第1011102363號函,54d26355-09c4-4917-ab4e-2721d38a10d1
FDA風字第1011102369號函,54d26355-f734-43a3-8234-2721d38a10d1
FDA風字第1011102398號函,54d26355-68a0-46ca-ab7a-2721d38a10d1
FDA風字第1010068552號函,54d26355-9098-404f-b6f2-2721d38a10d1
FDA風字第1011102358號函,54d26355-4cc4-49b4-bf71-2721d38a10d1
FDA風字第1011102359號函,54d26356-56e4-4483-b993-2721d38a10d1
FDA藥字第1011409422號函,54d26356-e988-4663-8d65-2721d38a10d1
FDA藥字第1010074160號函,54d26356-a27c-493f-beef-2721d38a10d1
FDA藥字第1011409626號函,54d26356-da60-4bee-8512-2721d38a10d1
FDA藥字第1011409848號函,54d26356-017c-429b-b101-2721d38a10d1
FDA藥字第1011410116號書函,54d26356-7d58-4646-b62f-2721d38a10d1
FDA藥字第1011410837號函,54d26356-5140-4196-8ad7-2721d38a10d1
FDA藥字第1010081501號函,54d26356-ed24-4ef3-8584-2721d38a10d1
FDA藥字第1011410272號函,54d26356-764c-47ad-9858-2721d38a10d1
FDA藥字第1011411160號書函,54d26356-df68-4736-9c48-2721d38a10d1
FDA藥字第1018901983號書函,54d26356-c370-40b3-a571-2721d38a10d1
FDA藥字第1011411412號函,54d26356-0b7c-4352-bdfa-2721d38a10d1
FDA藥字第1020002504號書函,54d26356-0b64-4220-858c-2721d38a10d1
FDA藥字第1020002505號書函,54d26356-b300-4a89-b05f-2721d38a10d1
FDA藥字第1020003349號書函,54d26356-6d20-4ff4-acb1-2721d38a10d1
FDA藥字第1021401298號書函,54d26356-4ef0-4894-a855-2721d38a10d1
FDA藥字第1021402049號書函,54d26356-5db0-43dc-b0f1-2721d38a10d1
FDA藥字第1020009727號書函,54d26356-880c-43de-a52a-2721d38a10d1
FDA風字第1020010298號函,54d26356-66c0-4e6d-8480-2721d38a10d1
FDA藥字第1020008680號書函,54d26356-f8d4-4784-b418-2721d38a10d1
FDA藥字第1020009802號書函,54d26356-3ee4-49c3-8d5d-2721d38a10d1
FDA藥字第1020009088號書函,54d26356-b0e4-4467-84bb-2721d38a10d1
FDA藥字第1020013657號書函,54d26356-11a8-4498-ab1c-2721d38a10d1
FDA藥字第1021404091號書函,54d26356-637c-4f01-a230-2721d38a10d1
FDA藥字第1020017501號書函,54d26356-411c-43b7-a7a4-2721d38a10d1
FDA藥字第1020018199號,54d26356-41f0-4bf8-966b-2721d38a10d1
FDA藥字第1021404286號書函,54d26356-4704-49d4-b571-2721d38a10d1
FDA藥字第1021404971號書函,54d26356-677c-40f6-8025-2721d38a10d1
FDA藥字第1020022018號書函,54d26356-23e8-467b-9f76-2721d38a10d1
FDA藥字第1021404750號書函,54d26356-e7cc-4c06-a324-2721d38a10d1
FDA藥字第1021405769號書函,54d26356-f790-4002-a671-2721d38a10d1
FDA藥字第1020025047號書函,54d26356-6458-4272-9d51-2721d38a10d1
FDA藥字第1020025869號書函,54d26356-1594-468d-a572-2721d38a10d1
FDA風字第1021101416號函,54d26356-c9d8-4064-a764-2721d38a10d1
FDA風字第1021101668號函,54d26356-78bc-4021-a201-2721d38a10d1
FDA藥字第1025029655號書函,54d26356-3558-4afe-892b-2721d38a10d1
FDA風字第1021101727號函,54d26356-f314-4e8e-876f-2721d38a10d1
FDA風字第1021150182號函,54d26356-0154-4117-ad6a-2721d38a10d1
FDA藥字第1021451079號書函,54d26356-94bc-4fe6-af05-2721d38a10d1
FDA藥字第1021451308號書函,54d26356-2a24-4db3-beec-2721d38a10d1
FDA藥字第1026007062號書函,54d26356-9894-465f-881c-2721d38a10d1
部授食字第1021150461號函,54d26356-5dec-4ee9-9220-2721d38a10d1
FDA風字第1021150127號函,54d26356-03d4-4044-a312-2721d38a10d1
FDA風字第1021150119號函,54d26356-1f80-4e3e-a687-2721d38a10d1
部授食字第1021150557號函,54d26356-a4fc-4c2d-b774-2721d38a10d1
FDA藥字第1024008384號書函,54d26356-9a7c-4df1-b606-2721d38a10d1
FDA藥字第1024010767號書函,54d26356-254c-42fd-87f4-2721d38a10d1
FDA風字第1021150806號函,54d26356-1188-4ad5-8030-2721d38a10d1
FDA風字第1021150819號函,54d26356-b128-4781-acea-2721d38a10d1
部授食字第1021150868號函、FDA風字第1021151018號,54d26356-769c-4afc-a3c8-2721d38a10d1
部授食字第1021150871號函,54d26356-1170-4a96-aea6-2721d38a10d1
部授食字第1021150864號函,54d26357-cfdc-4b24-8a03-2721d38a10d1
FDA藥字第1021453008號書函,54d26357-c428-47de-b3a3-2721d38a10d1
FDA藥字第1024012470號書函,54d26357-709c-498f-b3d9-2721d38a10d1
部授食字第1021150862號函,54d26357-ca74-4a29-9127-2721d38a10d1
部授食字第1021150935號函,54d26357-1430-4e91-9aa6-2721d38a10d1
FDA藥字第1024013627A號書函,54d26357-338c-4bde-a6bd-2721d38a10d1
部授食字第1021151165號,54d26357-32f4-48ed-bac2-2721d38a10d1
部授食字第1021151164號,54d26357-73cc-455d-91d1-2721d38a10d1
部授食字第1021151163號,54d26357-7140-494c-a80c-2721d38a10d1
部授食字第1021151162號,54d26357-6718-4f22-85f2-2721d38a10d1
部授食字第1021151144號、102中字第11110155號,54d26357-ef64-4bb1-83f4-2721d38a10d1
部授食字第1021151244號,54d26357-bd30-4a57-a430-2721d38a10d1
FDA藥字第1021450978號函,54d26357-cadc-40dc-87d3-2721d38a10d1
FDA藥字第1024016258號書函,54d26357-a848-4429-b3d8-2721d38a10d1
FDA風字第1021151716號,54d26357-db88-467a-af2a-2721d38a10d1
FDA風字第1021151742號,54d26357-a3bc-47bf-bbdc-2721d38a10d1
FDA藥字第1024022501號書函,54d26357-c08c-473e-a8f4-2721d38a10d1
FDA藥字第1024022497號書函,54d26357-d7bc-4271-a4a8-2721d38a10d1
FDA藥字第1024022496號書函,54d26357-a050-4076-b2ff-2721d38a10d1
FDA藥字第1024023585號書函,54d26357-8be4-424b-8db8-2721d38a10d1
部授食字第1021455945號函,54d26357-bc44-43d6-ac64-2721d38a10d1
部授食字第1021455925號函,54d26357-3c88-48c1-b8d1-2721d38a10d1
部授食字第1021455916號函,54d26357-2034-421d-9e9e-2721d38a10d1
部授食字第1021455911號函,54d26357-7b5c-4041-8134-2721d38a10d1
部授食字第1021455889號函,54d26357-4a78-4d21-bc64-2721d38a10d1
部授食字第1021455894號函,54d26357-a178-43df-971f-2721d38a10d1
部授食字第1021455896號函,54d26357-6b38-4272-a1b0-2721d38a10d1
部授食字第1021455899號函,54d26357-a2d4-4d47-b7e6-2721d38a10d1
部授食字第1021455897號函,54d26357-6f50-43aa-8221-2721d38a10d1
部授食字第1021455907號函,54d26357-d2d0-47f9-bbbd-2721d38a10d1
部授食字第1021455903號函,54d26357-a54c-45b7-b94c-2721d38a10d1
部授食字第1021455906號函,54d26357-49a4-4556-9c92-2721d38a10d1
部授食字第1021455908號函,54d26357-2134-4798-a1e3-2721d38a10d1
部授食字第1021455898號函,54d26357-3974-4e74-95d2-2721d38a10d1
部授食字第1021455959號函,54d26357-6394-45ba-88f7-2721d38a10d1
部授食字第1031400036號,54d26357-8e4c-4a1c-a21a-2721d38a10d1
部授食字第1031400048號,54d26357-578c-4c3d-9df6-2721d38a10d1
部授食字第1031400054號,54d26357-cd68-4225-ae71-2721d38a10d1
部授食字第1031400052號,54d26357-25e0-4389-afab-2721d38a10d1
部授食字第1031400046號,54d26357-4b84-4701-8ea2-2721d38a10d1
部授食字第1031400056號,54d26357-abf0-4bc6-9309-2721d38a10d1
部授食字第1031100131號,54d26357-b814-40d2-a938-2721d38a10d1
FDA藥字第1024025870號書函,54d26357-e258-4556-b8b8-2721d38a10d1
FDA藥字第1031401729號書函,54d26357-b0e0-4fb5-b7ff-2721d38a10d1
FDA藥字第1030007457號書函,54d26358-1620-4932-9236-2721d38a10d1
FDA藥字第1039004543號書函,54d26358-9d90-4fc3-b60e-2721d38a10d1
部授食字第1031400976A號,54d26358-476c-4639-83a6-2721d38a10d1
FDA藥字第1031402824號書函,54d26358-6500-40bb-b194-2721d38a10d1
部授食字第1031101552C號,54d26358-edf4-4051-a954-2721d38a10d1
FDA風字第1031101611號,54d26358-a70c-4353-9b05-2721d38a10d1
FDA藥字第1031404372號書函,54d26358-fc94-4840-aa2c-2721d38a10d1
FDA藥字第1030017104號書函,54d26358-fc78-4e0e-bd7b-2721d38a10d1
FDA藥字第1030016328號書函,54d26358-e088-4f3d-a0eb-2721d38a10d1
部授食字第1031101979號函,54d26358-8f2c-4db1-8b7a-2721d38a10d1
部授食字第1031101980號函,54d26358-0f84-46f9-8bb2-2721d38a10d1
部授食字第1031102189號函,54d26358-b67c-428f-8859-2721d38a10d1
部授食字第1031102182號函,54d26358-3c8c-424d-91f6-2721d38a10d1
FDA藥字第1030020967號書函,54d26358-c84c-4177-8122-2721d38a10d1
FDA藥字第1036027560號書函,54d26358-d32c-4055-9017-2721d38a10d1
FDA風字第1031102475號函,54d26358-e034-4719-85d0-2721d38a10d1
FDA藥字第1031406903號函,54d26358-3638-4712-a673-2721d38a10d1
FDA藥字第1031406918號函,54d26358-14e4-4230-bf40-2721d38a10d1
FDA藥字第1031406907號函,54d26358-a580-4d96-a418-2721d38a10d1
FDA藥字第1031407028號函,54d26358-4374-42ce-86d5-2721d38a10d1
部授食字第1031102768A號,54d26358-b374-490f-b86a-2721d38a10d1
部授食字第1031102768B號,54d26358-b0d4-45ac-9283-2721d38a10d1
部授食字第1031102768C號,54d26358-bd44-49f3-a49d-2721d38a10d1
部授食字第1031102768D號,54d26358-7634-47ec-9006-2721d38a10d1
部授食字第1031102768E號,54d26358-2284-48c8-b585-2721d38a10d1
部授食字第1031102768F號,54d26358-74f8-4f82-a7d0-2721d38a10d1
FDA風字第1031103297號書函,54d26358-4f20-4269-9ee1-2721d38a10d1
FDA藥字第1031408013號書函,54d26358-6658-453c-b0ae-2721d38a10d1
FDA藥字第1031408614號書函,54d26358-e324-422f-be13-2721d38a10d1
部授食字第1031103938號,54d26358-e81c-4469-afdb-2721d38a10d1
FDA風字第1031103800號書函,54d26358-14b0-4938-93e6-2721d38a10d1
FDA藥字第1031408932號書函,54d26358-b180-4114-b8af-2721d38a10d1
FDA藥字第1031409265號書函,54d26358-0b00-42e2-9ddd-2721d38a10d1
FDA藥字第1030036215號書函,54d26358-8124-45a4-b567-2721d38a10d1
FDA藥字第1036047594號書函,54d26358-a2ec-469f-95e6-2721d38a10d1
FDA藥字第1031409519號書函,54d26358-4e94-4c40-95a6-2721d38a10d1
FDA風字第1030037359號函,54d26358-ae9c-4e1c-9edf-2721d38a10d1
FDA藥字1031408934號書函,54d26358-e640-45a0-8807-2721d38a10d1
FDA藥字第1036043454號書函,54d26358-9444-4a61-bb38-2721d38a10d1
FDA藥字第1031410200號書函,54d26358-b7d8-40e2-84d3-2721d38a10d1
部授食字第1031408948A號,54d26358-a13c-4da2-9158-2721d38a10d1
FDA藥字第1031410873號書函,54d26358-ac10-4dd4-ab7b-2721d38a10d1
FDA風字第1031104930號,54d26358-f1a4-4fc8-991f-2721d38a10d1
部授食字第1031104635號,54d26358-767c-4f06-a536-2721d38a10d1
FDA風字第1031104761號函,54d26358-0f6c-469f-8ba1-2721d38a10d1
FDA風字第1031102928號函,54d26358-5bd4-4500-afbd-2721d38a10d1
FDA風字第1031104396號函,54d26358-bf9c-4dd2-904c-2721d38a10d1
FDA藥字第1036058009號書函,54d26358-be10-406a-bf79-2721d38a10d1
FDA藥字第1036057674號書函,54d26358-4384-4ef6-9f3b-2721d38a10d1
FDA風字第1039906817號函,54d26358-1f98-4d41-a9a4-2721d38a10d1
FDA藥字第1036058052號書函,54d26358-e500-4422-97f6-2721d38a10d1
部授食字第1031105271號函,54d26358-a4f8-4e34-8924-2721d38a10d1
部授食字第1031105383號,54d2635b-2fdc-488d-b9e4-2721d38a10d1
FDA藥字第1036060033號書函,54d2635b-d5e8-4dae-8484-2721d38a10d1
部授食字第1031105385號函,54d2635b-5d88-45f7-9ea2-2721d38a10d1
"FDA藥字第1031411927號 函",54d2635b-4d68-4d5a-9afe-2721d38a10d1
FDA藥字第1030031676,54d2635b-20ac-4bcc-910a-2721d38a10d1
部授食字第1031105027號函,54d2635b-03e8-41e9-bcfd-2721d38a10d1
"FDA 藥字第1030048618號 書函",54d2635b-cfc0-42c8-ba6d-2721d38a10d1
FDA風字第1031105756號函,54d2635b-d0ac-46e2-b202-2721d38a10d1
FDA藥字第1036065751號書函,54d2635b-8898-4797-adb3-2721d38a10d1
"FDA藥字第1031413523號 書函",54d2635b-7f5c-49ee-8ebc-2721d38a10d1
FDA藥字第1031414266號函,54d2635b-3708-4428-b26b-2721d38a10d1
"FDA藥字第1030056232號 函",54d2635b-4a98-4d7f-80c6-2721d38a10d1
FDA風字第1031106237號函,54d2635b-6280-4e6b-a3e8-2721d38a10d1
FDA藥字第1031414594號函,54d2635b-22f8-4924-a1f1-2721d38a10d1
FDA藥字第1041400182號函,54d2635b-17d4-4d6f-a808-2721d38a10d1
FDA風字第1030055491號函,54d2635b-4dc8-4abd-8e88-2721d38a10d1
部授食字第1041100135號,54d2635b-be4c-4a71-be4e-2721d38a10d1
FDA藥字第1041400625號,54d2635b-c868-48a1-a751-2721d38a10d1
部授食字第1031412015A號,54d2635b-d6d4-43f7-9463-2721d38a10d1
